# dep_audit: verb, scope, query stack, at least this many distinct reads, first file, first name — runs: check, suite
methods_of	-	References	256	/w/src/main.av	P
methods_of	-	Resolved/Expanded/Lifted/LiftLowered/Analysis/Folded/Typed/Sig	64	/w/vendor/meta/src/probes.av	Show
methods_of	-	Resolved/Expanded/Lifted/LiftLowered/Analysis/Sig	128	/w/vendor/meta/src/meta.av	Code
methods_of	-	Resolved/Expanded/Sig	32	/w/vendor/meta/src/probes.av	Keyed
methods_of	-	Sig	2048	/w/src/main.av	P
methods_of	foreign	Analysis/Sig	8	/w/src/lib/x.av	T
methods_of	own	Analysis/Folded/Typed/Receivers/Sig	1	<source>	Foo
methods_of	own	Analysis/Folded/Typed/Sig	4	witness.av	T
methods_of	own	Analysis/Sig	32	app.av	Small
store_of	-	Lowered	256	/w/src/main.av	-
store_of	-	Lowered/Settled/LiftLowered	8	/w/vendor/c/src/c.av	-
store_of	-	Resolved/Expanded	4	packages/std-avrac/src/core/ir_roles.av	-
store_of	-	Resolved/Expanded/Lifted/LiftLowered	32	/w/vendor/meta/src/meta.av	-
store_of	foreign	Analysis/Folded/Typed/Lifted/LiftLowered/Analysis/Folded/Typed/Receivers	32	/w/vendor/meta/src/probes.av	-
store_of	foreign	Analysis/Folded/Typed/Receivers	256	/w/vendor/c/src/c.av	-
written_so_far	-	Resolved/Expanded/Lifted/LiftLowered/Analysis/Folded/Typed	256	packages/std-meta/src/meta.av	spelled
